[    
    {"obj_id" : 1,
    "title" : "Brána Matky Boží",
    "src" : "images/1n1.jpg",
    "year" : 0,
    "acc" : 0,
    "web_src" : "http://www.turistickelisty.sportovnilisty.cz/mistopis/brana-matky-bozi-v-jihlave-se-dochovala-jako-jedina-z-puvodnich-bran-3/",
    "desc" : "Brána Matky Boží je poslední dochovaná brána z původních pěti bran opevnění města Jihlavy. Nachází se v ulici Matky Boží a dnes představuje jednu z dominant města. Společně se zbytky městských hradeb je chráněna jako kulturní památka.",
    "d_src" : "https://cs.wikipedia.org/wiki/Br%C3%A1na_Matky_Bo%C5%BE%C3%AD",
    "img_id" : 0
  },
  {"obj_id" : 1,
    "title" : "o",
    "src" : "images/1o1.jpg",
    "year" : 1300,
    "acc" : 1,
    "web_src" : "http://luzs.cz/jihlavska-pevnost.html",
    "desc" : "Brána Matky Boží kolem roku 1300 (Gustav Krum / Jihlavská pevnost)",
    "d_src" : "http://luzs.cz/jihlavska-pevnost.html",
    "img_id" : 1
  },
  {"obj_id" : 1,
    "title" : "o",
    "src" : "images/1o2.jpg",
    "year" : 1899,
    "acc" : 2,
    "web_src" : "https://cesky.radio.cz/jihlavska-brana-matky-bozi-ukryva-hvezdarnu-8603245#&gid=asset&pid=1",
    "desc" : "",
    "d_src" : "",
    "img_id" : 2
  },
  {"obj_id" : 2,
    "title" : "Stadion v Jiráskově ulici",
    "src" : "images/2n1.jpg",
    "year" : 0,
    "acc" : 0,
    "web_src" : "https://www.fcvysocina.cz/zobraz.asp?t=stadion",
    "desc" : "Stadion fotbalového klubu FC Vysočina Jihlava.",
    "d_src" : "",
    "img_id" : 3
  },
  {"obj_id" : 2,
    "title" : "o",
    "src" : "images/2o1.jpg",
    "year" : 1999,
    "acc" : 2,
    "web_src" : "https://www.fcvysocina.cz/fotogalerie.asp?sezona=&typ=9&slovo=&poslano=true",
    "desc" : "",
    "d_src" : "",
    "img_id" : 4 
  },
  {"obj_id" : 3,
    "title" : "Obchodní dům Prior",
    "src" : "images/3n1.jpg",
    "year" : 2020,
    "acc" : 2,
    "web_src" : "https://jihlavsky.denik.cz/zpravy_region/vitriny-jihlava-prior-20200506.html",
    "desc" : "Obchodní dům na Masarykově náměstí postavený namísto bloku domů nazývaného Krecl či Špalíček",
    "d_src" : "",
    "img_id" : 5
  },
  {"obj_id" : 3,
    "title" : "o",
    "src" : "images/3o1.jpg",
    "year" : 0,
    "acc" : 0,
    "web_src" : "http://galerie.zjihlavy.cz/jihlava-historicke-namesti/kretzl-spalicek-004.html",
    "desc" : "Krecl neboli Špalíček byl soubor historických středověkých domů, který až do roku 1975 stával na Masarykově náměstí v Jihlavě.",
    "d_src" : "https://cs.wikipedia.org/wiki/Krecl",
    "img_id" : 6
  },
  {"obj_id" : 4,
    "title" : "Jihlavská radnice",
    "src" : "images/4n1.jpg",
    "year" : 0,
    "acc" : 0,
    "web_src" : "https://mapio.net/pic/p-122160174/",
    "desc" : "Jihlavská radnice je komplex domů, který se nachází v centru města Jihlavy v horní polovině Masarykova náměstí. Sídlí zde magistrát města.",
    "d_src" : "https://cs.wikipedia.org/wiki/Jihlavsk%C3%A1_radnice",
    "img_id" : 7
  },
  {"obj_id" : 4,
    "title" : "o",
    "src" : "images/4o1.jpg",
    "year" : 0,
    "acc" : 0,
    "web_src" : "http://galerie.zjihlavy.cz/jihlava-historicke-fotografie/jihlava-namesti-krecl.html#obsah",
    "desc" : "",
    "d_src" : "",
    "img_id" : 8
  },
  {"obj_id" : 4,
    "title" : "o",
    "src" : "images/4o2.jpg",
    "year" : 1917,
    "acc" : 2,
    "web_src" : "http://galerie.zjihlavy.cz/jihlava-historicke-fotografie/jihlava-namesti-1917.html",
    "desc" : "",
    "d_src" : "",
    "img_id" : 9
  },
  {"obj_id" : 4,
    "title" : "o",
    "src" : "images/4o3.jpg",
    "year" : 1940,
    "acc" : 2,
    "web_src" : "https://1gr.cz/fotky/idnes/14/033/org/MKK520310_19cm03AAA3.jpg",
    "desc" : "",
    "d_src" : "",
    "img_id" : 10
  },
  {"obj_id" : 5,
    "title" : "Autobusové nádraží",
    "src" : "images/5n1.jpg",
    "year" : 2011,
    "acc" : 2,
    "web_src" : "https://foursquare.com/v/autobusov%C3%A9-n%C3%A1dra%C5%BE%C3%AD-jihlava/4b542f64f964a52010b427e3?openPhotoId=51aa2b4f498e3f06e3f6f113",
    "desc" : "Na místě autobusové nádraží dříve spočíval fotbalový stadion SK Jihlava (později Slovan a také Dynamo Jihlava).",
    "d_src" : "",
    "img_id" : 11
  },
  {"obj_id" : 5,
    "title" : "o",
    "src" : "images/5o1.jpg",
    "year" : 1960,
    "acc" : 2,
    "web_src" : "https://www.facebook.com/photo?fbid=3413014262068671&set=g.1522049788071891",
    "desc" : "Dynamo Jihlava - trénink muži",
    "d_src" : "https://www.facebook.com/photo?fbid=3413014262068671&set=g.1522049788071891",
    "img_id" : 12 
  },
  {"obj_id" : 5,
    "title" : "o",
    "src" : "images/5o2.jpg",
    "year" : 1959,
    "acc" : 2,
    "web_src" : "https://www.facebook.com/photo?fbid=3413014205402010&set=g.1522049788071891",
    "desc" : "Dynamo Jihlava - trénink dorostenky",
    "d_src" : "https://www.facebook.com/photo?fbid=3413014205402010&set=g.1522049788071891",
    "img_id" : 13
  },
  {"obj_id" : 6,
    "title" : "Železniční most nad ulici Havlíčkova",
    "src" : "images/6n1.jpg",
    "year" : 2011,
    "acc" : 2,
    "web_src" : "https://goo.gl/maps/g4S6ZW5WcrcLitPR8",
    "desc" : "",
    "d_src" : "",
    "img_id" : 14
  },
  {"obj_id" : 6,
    "title" : "o",
    "src" : "images/6o1.jpg",
    "year" : 1910,
    "acc" : 2,
    "web_src" : "https://drahy.wordpress.com/2014/11/25/unikatni-snimky-z-historie-jihlavske-zeleznice/#jp-carousel-2063",
    "desc" : "",
    "d_src" : "",
    "img_id" : 15
  },
  {"obj_id" : 6,
    "title" : "o",
    "src" : "images/6o2.jpg",
    "year" : 1964,
    "acc" : 2,
    "web_src" : "https://drahy.wordpress.com/2014/11/25/unikatni-snimky-z-historie-jihlavske-zeleznice/#jp-carousel-2029",
    "desc" : "",
    "d_src" : "",
    "img_id" : 16
  },
  {"obj_id" : 7,
    "title" : "Železniční viadukt",
    "src" : "images/7n1.jpg",
    "year" : 2020,
    "acc" : 2,
    "web_src" : "https://www.facebook.com/photo?fbid=2802066753371900&set=g.1522049788071891",
    "desc" : "Původně pouze kamenný obloukový viadukt z let 1883-1886 s osmi oblouky o rozpětí po 10 metrech. Dnes je však jeho střední část nahrazena ocelovou příhradovou konstrukcí s horní mostovkou.",
    "d_src" : "https://libri.cz/databaze/mosty/heslo.php?id=388",
    "img_id" : 17
  },
  {"obj_id" : 7,
    "title" : "o",
    "src" : "images/7o1.jpg",
    "year" : 1887,
    "acc" : 2,
    "web_src" : "https://drahy.wordpress.com/2014/11/25/unikatni-snimky-z-historie-jihlavske-zeleznice/#jp-carousel-2076",
    "desc" : "",
    "d_src" : "",
    "img_id" : 18
  },
  {"obj_id" : 7,
    "title" : "o",
    "src" : "images/7o2.jpg",
    "year" : 1896,
    "acc" : 2,
    "web_src" : "https://drahy.wordpress.com/2014/11/25/unikatni-snimky-z-historie-jihlavske-zeleznice/#jp-carousel-2072",
    "desc" : "",
    "d_src" : "",
    "img_id" : 19
  },
  {"obj_id" : 8,
    "title" : "Obchodní centrum Březinky",
    "src" : "images/8n1.jpg",
    "year" : 2016,
    "acc" : 2,
    "web_src" : "https://ocbrezinky.cz/galerie/namesti-brezinky/",
    "desc" : "",
    "d_src" : "",
    "img_id" : 20
  },
  {"obj_id" : 8,
    "title" : "o",
    "src" : "images/8o1.jpg",
    "year" : 1987,
    "acc" : 1,
    "web_src" : "https://www.facebook.com/photo/?fbid=4594818970530101&set=g.1522049788071891",
    "desc" : "Stavba obchodního střediska Vysočina na sídlišti Březinovy sady. Architekt Zdeněk Gryc",
    "d_src" : "https://www.facebook.com/photo/?fbid=4594818970530101&set=g.1522049788071891",
    "img_id" : 21
  },
  {"obj_id" : 9,
    "title" : "Dělnický dům",
    "src" : "images/9n1.jpg",
    "year" : 0,
    "acc" : 0,
    "web_src" : "https://www.ticketlive.cz/cs/venue/delnicky-dum-jihlava",
    "desc" : "Dříve zde byl Hotel Czap a později Dům Osvěty.",
    "d_src" : "",
    "img_id" : 22
  },
  {"obj_id" : 9,
    "title" : "o",
    "src" : "images/9o1.jpg",
    "year" : 1950,
    "acc" : 1,
    "web_src" : "https://jihlavska.drbna.cz/drbna/historicka/2365-drbna-historicka-znate-historii-vyhlaseneho-delnaku-ktery-byval-treba-take-hotelem.html",
    "desc" : "",
    "d_src" : "",
    "img_id" : 23
  },
  {"obj_id" : 10,
    "title" : "City Park",
    "src" : "images/10n1.jpg",
    "year" : 0,
    "acc" : 0,
    "web_src" : "http://www.stavbaroku.cz/printDetail.do?Dispatch=ShowDetail&siid=607",
    "desc" : "Návrh budovy obchodního centra je dílem architektů Kuby a Pilaře. Centrum bylo postaveno v letech 2007–8 na místě starších průmyslových objektů.",
    "d_src" : "https://cs.wikipedia.org/wiki/City_Park",
    "img_id" : 24
  },
  {"obj_id" : 10,
    "title" : "o",
    "src" : "images/10o1.jpg",
    "year" : 0,
    "acc" : 0,
    "web_src" : "https://1gr.cz/fotky/idnes/18/062/cl6h/EPS73e7e3_tovarna.jpg",
    "desc" : "",
    "d_src" : "",
    "img_id" : 25
  },
  {"obj_id" : 11,
    "title" : "Jihlavské terasy",
    "src" : "images/11n1.jpg",
    "year" : 2020,
    "acc" : 2,
    "web_src" : "https://goo.gl/maps/1W7sa3WY5nWo4ZETA",
    "desc" : "Jihlavské terasy je komplex budov v Jihlavě mezi ulicemi Havlíčkova a Srázná. V letech 1801–1811 zde stála továrna na výrobu sukna Johanna Tosta. V roce 1851 na jejím místě vznikla tabáková továrna, až do 30. let 20. století firma přistavovala nové budovy. V roce 1958 se výroba přestěhovala do Kutné Hory. Poté tu sídlila elektrotechnická firma Tesla Jihlava, která se v 90. letech přestěhovala do Hruškových Dvorů. Dnes zde sídlí víceúčelový komplex.",
    "d_src" : "https://cs.wikipedia.org/wiki/Jihlavsk%C3%A9_terasy",
    "img_id" : 26
  },
  {"obj_id" : 11,
    "title" : "o",
    "src" : "images/11o1.jpg",
    "year" : 0,
    "acc" : 0,
    "web_src" : "https://www.facebook.com/photo/?fbid=239657430659165&set=g.1522049788071891",
    "desc" : "",
    "d_src" : "",
    "img_id" : 27
  },
   {"obj_id" : 12,
    "title" : "Na Člunku" ,
    "src" : "images/12n1.jpg",
    "year" : 2014,
    "acc" : 2,
    "web_src" : "https://goo.gl/maps/42SdpygNhVN4NqGP9",
    "desc" : "",
    "d_src" : "",
    "img_id" : 28
  },
  {"obj_id" : 12,
    "title" : "o" ,
    "src" : "images/12o1.jpg",
    "year" : 0,
    "acc" : 0,
    "web_src" : "https://www.facebook.com/photo?fbid=1533491183527195&set=g.1522049788071891",
    "desc" : "",
    "d_src" : "",
    "img_id" : 29
  }
]